TECH_USER,TECH_PASS
jmeter001,Test@123
jmeter002,Test@123
jmeter003,Test@123
jmeter004,Test@123
jmeter005,Test@123
jmeter006,Test@123
jmeter007,Test@123
jmeter008,Test@123
jmeter009,Test@123
jmeter010,Test@123
jmeter011,Test@123
jmeter012,Test@123
jmeter013,Test@123
jmeter014,Test@123
jmeter015,Test@123
jmeter016,Test@123
jmeter017,Test@123
jmeter018,Test@123
jmeter019,Test@123
jmeter020,Test@123
jmeter021,Test@123
jmeter022,Test@123
jmeter023,Test@123
jmeter024,Test@123
jmeter025,Test@123
jmeter026,Test@123
jmeter027,Test@123
jmeter028,Test@123
jmeter029,Test@123
jmeter030,Test@123
jmeter031,Test@123
jmeter032,Test@123
jmeter033,Test@123
jmeter034,Test@123
jmeter035,Test@123
jmeter036,Test@123
jmeter037,Test@123
jmeter038,Test@123
jmeter039,Test@123
jmeter040,Test@123
jmeter041,Test@123
jmeter042,Test@123
jmeter043,Test@123
jmeter044,Test@123
jmeter045,Test@123
jmeter046,Test@123
jmeter047,Test@123
jmeter048,Test@123
jmeter049,Test@123
jmeter050,Test@123
jmeter051,Test@123
jmeter052,Test@123
jmeter053,Test@123
jmeter054,Test@123
jmeter055,Test@123
jmeter056,Test@123
jmeter057,Test@123
jmeter058,Test@123
jmeter059,Test@123
jmeter060,Test@123
jmeter061,Test@123
jmeter062,Test@123
jmeter063,Test@123
jmeter064,Test@123
jmeter065,Test@123
jmeter066,Test@123
jmeter067,Test@123
jmeter068,Test@123
jmeter069,Test@123
jmeter070,Test@123
jmeter071,Test@123
jmeter072,Test@123
jmeter073,Test@123
jmeter074,Test@123
jmeter075,Test@123
jmeter076,Test@123
jmeter077,Test@123
jmeter078,Test@123
jmeter079,Test@123
jmeter080,Test@123
jmeter081,Test@123
jmeter082,Test@123
jmeter083,Test@123
jmeter084,Test@123
jmeter085,Test@123
jmeter086,Test@123
jmeter087,Test@123
jmeter088,Test@123
jmeter089,Test@123
jmeter090,Test@123
jmeter091,Test@123
jmeter092,Test@123
jmeter093,Test@123
jmeter094,Test@123
jmeter095,Test@123
jmeter096,Test@123
jmeter097,Test@123
jmeter098,Test@123
jmeter099,Test@123
jmeter100,Test@123
